name,desc,link,category
Roast Dating,"- Quickly increase your number of matches in applications like Tinder, Hinge or leveraging AI-driven features and seamless automation.",https://www.aixploria.com/out/RoastDating,Dating & Relationships
Keeper.ai,- A dating platform that combines AI and human expertise to create lasting leveraging AI-driven features and seamless automation.,https://www.aixploria.com/out/Keeper.ai,Dating & Relationships
LoveGPT,"- An AI that helps you in your conversations or love requests (marriage, leveraging AI-driven features and seamless automation.",https://www.aixploria.com/out/LoveGPT,Dating & Relationships
Blush AI,- An AI-powered dating simulator that provides a safe space to learn how leveraging AI-driven features and seamless automation.,https://www.aixploria.com/out/BlushAI,Dating & Relationships
WingmanX,- An AI assistant that enhances your dating life by generating the best leveraging AI-driven features and seamless automation.,https://wingmanx.ai/main/a,Dating & Relationships
Dolores,"- An AI girlfriend capable of memorizing your chat history, constantly improving, reflecting leveraging AI-driven features and seamless automation.",https://www.aixploria.com/out/Dolores,Dating & Relationships
Texts from my ex,- Analyze your conversations with your ex and get a deeper understanding of leveraging AI-driven features and seamless automation.,https://www.aixploria.com/out/Textsfrommyex,Dating & Relationships
RealFake,- Give 10 of your photos to this AI and it will produce leveraging AI-driven features and seamless automation.,https://www.aixploria.com/out/RealFake,Dating & Relationships
Dating Killer AI,- A set of AI tools to slay your dating game : respond leveraging AI-driven features and seamless automation.,https://datingkiller.com/,Dating & Relationships
Beducated,- An AI conversational agent to improve your physical and sexual attractiveness. Get leveraging AI-driven features and seamless automation.,https://www.aixploria.com/out/Beducated,Dating & Relationships
Auto Seduction AI,- An AI-powered dating assistant that can respond with love seduction for you. leveraging AI-driven features and seamless automation.,https://www.aixploria.com/out/AutoSeductionAI,Dating & Relationships
LoveGenius,- A personal assistant capable of enhancing your profile and discussions on dating leveraging AI-driven features and seamless automation.,https://www.aixploria.com/out/LoveGenius,Dating & Relationships
Maia,"- Make your relationship life easier with this AI assistant: date ideas, gifts, leveraging AI-driven features and seamless automation.",https://www.aixploria.com/out/Maia,Dating & Relationships
Semrush Social Toolkit,- A powerful set of AI tools to easily manage and optimize your leveraging AI-driven features and seamless automation.,https://www.aixploria.com/out/SemrushSocialToolkit,E-Commerce & Shops
Adcreative AI by Semrush,"- Easily design professional-quality ads with AI that adapts to your brand, logo, leveraging AI-driven features and seamless automation.",https://www.aixploria.com/out/AdcreativeAIbySemrush,E-Commerce & Shops
Magic by Shopify,"- The ultimate AI assistant for e-commerce. Generate personalized answers, product descriptions and leveraging AI-driven features and seamless automation.",https://www.aixploria.com/out/MagicbyShopify,E-Commerce & Shops
Pokecut,- Easily change the image background color or replace it with a professional leveraging AI-driven features and seamless automation.,https://www.pokecut.com/tools/background-changer,E-Commerce & Shops
Echowin AI,- Never miss another call from your customers with this all-in-one platform. AI leveraging AI-driven features and seamless automation.,https://www.aixploria.com/out/EchowinAI,E-Commerce & Shops
Free AI Chatbot Builder,- Automatically answer your customers' questions 24/7 with HubSpot's AI chatbot. Create and leveraging AI-driven features and seamless automation.,https://www.aixploria.com/out/FreeAIChatbotBuilder,E-Commerce & Shops
Leffa,- An open-source virtual try-on model that accurately transfers clothes from one photo leveraging AI-driven features and seamless automation.,https://www.aixploria.com/out/Leffa,E-Commerce & Shops
Namelix,"- Help you find a name for your business, brand or company leveraging AI-driven features and seamless automation.",https://www.aixploria.com/out/Namelix,E-Commerce & Shops
Waymark,- A video generator designed for your e-commerce and your business leveraging AI-driven features and seamless automation.,https://www.aixploria.com/out/Waymark,E-Commerce & Shops
Keychain,- an AI-powered platform that helps brands and retailers find and manage manufacturing leveraging AI-driven features and seamless automation.,https://www.aixploria.com/out/Keychain,E-Commerce & Shops
PhotoG,"- A marketing team of AI agents to automate the creation of images, leveraging AI-driven features and seamless automation.",https://photog.art/,E-Commerce & Shops
Kolors Virtual,- Try on clothes virtually on your own photos with this unusual AI. leveraging AI-driven features and seamless automation.,https://www.aixploria.com/out/KolorsVirtual,E-Commerce & Shops
ECommerce Prompt Generator,- A ChatGPT prompt with advanced settings for e-commerce sites and marketing leveraging AI-driven features and seamless automation.,https://www.aixploria.com/out/ECommercePromptGenerator,E-Commerce & Shops
Lebesgue,- An AI that analyzes the market and allows you to make quality leveraging AI-driven features and seamless automation.,https://www.aixploria.com/out/Lebesgue,E-Commerce & Shops
Sellesta,- Get automatic analysis and optimizations for your product listing on your Amazon leveraging AI-driven features and seamless automation.,https://www.aixploria.com/out/Sellesta,E-Commerce & Shops
Aidaptive,- Predict and improve your conversion and sales rates automatically leveraging AI-driven features and seamless automation.,https://www.aixploria.com/out/Aidaptive,E-Commerce & Shops
SolidGrids,- Automatic generation of professional images for your e-commerce sites leveraging AI-driven features and seamless automation.,https://www.aixploria.com/out/SolidGrids,E-Commerce & Shops
FrequentlyAskedAI,- Quickly create an intelligent FAQ to provide instant answers to all your leveraging AI-driven features and seamless automation.,https://www.aixploria.com/out/FrequentlyAskedAI,E-Commerce & Shops
Hypotenuse ai,- Generate content for social networks or for your brand's products leveraging AI-driven features and seamless automation.,https://www.aixploria.com/out/Hypotenuseai,E-Commerce & Shops
Manifest AI,- A shopping assistant based on GPT-3.5 and compatible with Shopify (eCommerce). Your leveraging AI-driven features and seamless automation.,https://www.aixploria.com/out/ManifestAI,E-Commerce & Shops
Userdesk,- Quickly create code-free AI chatbots trained with your data. Improve customer support leveraging AI-driven features and seamless automation.,https://www.aixploria.com/out/Userdesk,E-Commerce & Shops
Gizzmo AI,- A WordPress plugin to simplify the creation of Amazon affiliate articles. Generate leveraging AI-driven features and seamless automation.,https://www.aixploria.com/out/GizzmoAI,E-Commerce & Shops
Bannerbear,"- Marketing automation tool, API and integrations to generate images, videos, PDFs, etc leveraging AI-driven features and seamless automation.",https://www.aixploria.com/out/Bannerbear,E-Commerce & Shops
Maverick AI,- Produce personalized videos automatically for each of your customers (with their name leveraging AI-driven features and seamless automation.,https://www.aixploria.com/out/MaverickAI,E-Commerce & Shops
Plumy,- An AI tool for Shopify eCommerce that optimizes your SEO and tries leveraging AI-driven features and seamless automation.,https://www.aixploria.com/out/Plumy,E-Commerce & Shops
Octocom,- Use an intelligent chatbot on your e-commerce to increase sales and improve leveraging AI-driven features and seamless automation.,https://www.aixploria.com/out/Octocom,E-Commerce & Shops
MarketingBlocks AI,"- All-in-one marketing AI assistant that can create landing pages, videos, ads, texts, leveraging AI-driven features and seamless automation.",https://www.aixploria.com/out/MarketingBlocksAI,E-Commerce & Shops
Breeze AI,- Effortlessly edit your product photos for your e-commerce sites or your marketing leveraging AI-driven features and seamless automation.,https://www.aixploria.com/out/BreezeAI,E-Commerce & Shops
Zeg AI,- Get effortless professional quality videos or photos (3D) for your commercial products leveraging AI-driven features and seamless automation.,https://www.aixploria.com/out/ZegAI,E-Commerce & Shops
Penny AI,- Your AI shopping assistant for online savings. Compare prices and analyze pros leveraging AI-driven features and seamless automation.,https://www.aixploria.com/out/PennyAI,E-Commerce & Shops
CallFluent AI,- Automate your inbound and outbound calls with AI voice agents that communicate leveraging AI-driven features and seamless automation.,https://www.aixploria.com/out/CallFluentAI,E-Commerce & Shops
Bland.ai,- Deploy AI-enabled telephone agents capable of making millions of calls a day leveraging AI-driven features and seamless automation.,https://www.aixploria.com/out/Bland.ai,E-Commerce & Shops
Jector.ai,- Create stunning backgrounds for your product photos with Jector. Easily enhance and leveraging AI-driven features and seamless automation.,https://www.aixploria.com/out/Jector.ai,E-Commerce & Shops
CopyMonkey,- Generate and optimize your listings for the Amazon website leveraging AI-driven features and seamless automation.,https://www.aixploria.com/out/CopyMonkey,E-Commerce & Shops
Doly by AniML,- Create high-quality 3D videos of your products with your iPhone. Capture from leveraging AI-driven features and seamless automation.,https://www.aixploria.com/out/DolybyAniML,E-Commerce & Shops
Syncly,- Centralize and analyze all your customer feedback. AI detects negative signals and leveraging AI-driven features and seamless automation.,https://www.aixploria.com/out/Syncly,E-Commerce & Shops
Twig,"- An AI assistant that helps your customers quickly find precise, relevant answers leveraging AI-driven features and seamless automation.",https://www.aixploria.com/out/Twig,E-Commerce & Shops
Zyng,- Generate attractive promotional or advertising images for your products in a matter leveraging AI-driven features and seamless automation.,https://www.aixploria.com/out/Zyng,E-Commerce & Shops
VanceAI Background Generator,- Remove backgrounds from your images with greater precision than other products of leveraging AI-driven features and seamless automation.,https://www.aixploria.com/out/VanceAIBackgroundGenerator,E-Commerce & Shops
Oxolo,- Creation of advertising videos from the URL of the product you sell leveraging AI-driven features and seamless automation.,https://www.aixploria.com/out/Oxolo,E-Commerce & Shops
AI Shopify Product Reviews,"- Make the most of customer reviews in your Shopify store: automatically solicited, leveraging AI-driven features and seamless automation.",https://www.aixploria.com/out/AIShopifyProductReviews,E-Commerce & Shops
Tidio,- A dynamic customer service tool that combines AI chatbots and a live leveraging AI-driven features and seamless automation.,https://www.aixploria.com/out/Tidio,E-Commerce & Shops
Contlo.ai,- An assistant that will help you in your marketing activities on social leveraging AI-driven features and seamless automation.,https://www.aixploria.com/out/Contlo.ai,E-Commerce & Shops
Coachvox AI,- Create your own AI clone to interact and help you generate leads. leveraging AI-driven features and seamless automation.,https://www.aixploria.com/out/CoachvoxAI,E-Commerce & Shops
Outfit Anyone,- Instantly test different types of clothing using AI. An ideal tool for leveraging AI-driven features and seamless automation.,https://www.aixploria.com/out/OutfitAnyone,E-Commerce & Shops
WriteText.ai,- A writing assistant specially developed for WooCommerce. It can create product descriptions leveraging AI-driven features and seamless automation.,https://www.aixploria.com/out/WriteText.ai,E-Commerce & Shops
Wear-Any-Way,- Discover a new customizable virtual fitting tool. Precise handling of clothing styles leveraging AI-driven features and seamless automation.,https://www.aixploria.com/out/Wear-Any-Way,E-Commerce & Shops
Trove AI,"- Create intelligent, interactive surveys that your audience can interact with. Ideal for leveraging AI-driven features and seamless automation.",https://www.aixploria.com/out/TroveAI,E-Commerce & Shops
AI Assist by Tawk,- Improve your customer service by automating answers to frequently asked questions and leveraging AI-driven features and seamless automation.,https://www.aixploria.com/out/AIAssistbyTawk,E-Commerce & Shops
Naratix,- Automate the writing of your product descriptions in multiple languages and optimize leveraging AI-driven features and seamless automation.,https://www.aixploria.com/out/Naratix,E-Commerce & Shops
AI Backdrop,- Create convincing and realistic backgrounds with this marketing-oriented background generator leveraging AI-driven features and seamless automation.,https://www.aixploria.com/out/AIBackdrop,E-Commerce & Shops
Kartiv,- An AI-powered design assistant to create stunning visuals via a prompt. Ideal leveraging AI-driven features and seamless automation.,https://www.aixploria.com/out/Kartiv,E-Commerce & Shops
Pixels AI,- Detect trends and increase your revenues leveraging AI-driven features and seamless automation.,https://www.aixploria.com/out/PixelsAI,E-Commerce & Shops
Feedbuck AI,- Enter your website url and get a user feedback widget tailored to leveraging AI-driven features and seamless automation.,https://www.aixploria.com/out/FeedbuckAI,E-Commerce & Shops
OnModel.ai,- Boost your Shopify sales with AI-generated models. Change background and ethnicity of leveraging AI-driven features and seamless automation.,https://www.aixploria.com/out/OnModel.ai,E-Commerce & Shops
iMean Shopping,- An AI co-pilot to assist you during your shopping sessions. It searches leveraging AI-driven features and seamless automation.,https://www.aixploria.com/out/iMeanShopping,E-Commerce & Shops
ChatMaxima,- A marketing platform that provides conversational chatbots without complex code. Improve customer leveraging AI-driven features and seamless automation.,https://www.aixploria.com/out/ChatMaxima,E-Commerce & Shops
Heylibby.ai,- Automate lead generation and scheduling with an AI tool that integrates seamlessly leveraging AI-driven features and seamless automation.,https://www.aixploria.com/out/Heylibby.ai,E-Commerce & Shops
Abyssale,- The production of visual marketing content in automatic mode leveraging AI-driven features and seamless automation.,https://www.aixploria.com/out/Abyssale,E-Commerce & Shops
AI Assist by Dopt,"- Help and support your visitors with instant, relevant and constantly updated AI leveraging AI-driven features and seamless automation.",https://www.aixploria.com/out/AIAssistbyDopt,E-Commerce & Shops
Gista,- An AI assistant that helps convert your website visitors into potential customers. leveraging AI-driven features and seamless automation.,https://www.aixploria.com/out/Gista,E-Commerce & Shops
ChatWizard,- An AI ChatBot that you can train and customize to interact with leveraging AI-driven features and seamless automation.,https://www.aixploria.com/out/ChatWizard,E-Commerce & Shops
ioni,- A chatbot powered by ChatGPT-4 to serve your customers. It can quickly leveraging AI-driven features and seamless automation.,https://www.aixploria.com/out/ioni,E-Commerce & Shops
ProductBot (Claros),- AI that assists you before you make product purchases leveraging AI-driven features and seamless automation.,https://www.aixploria.com/out/ProductBot%28Claros%29,E-Commerce & Shops
Chatbros.ai,- An AI chatbot that responds to your customers professionally and can guide leveraging AI-driven features and seamless automation.,https://www.aixploria.com/out/Chatbros.ai,E-Commerce & Shops
Reetail AI,"- Create an e-commerce site in less than a minute, without the need leveraging AI-driven features and seamless automation.",https://www.aixploria.com/out/ReetailAI,E-Commerce & Shops
Zevi.ai,- Boost your sales and conversions using an AI search solution leveraging AI-driven features and seamless automation.,https://www.aixploria.com/out/Zevi.ai,E-Commerce & Shops
Digital First AI,- An AI that simplifies the creation of marketing plans and optimizes your leveraging AI-driven features and seamless automation.,https://www.aixploria.com/out/DigitalFirstAI,E-Commerce & Shops
Moda AI,- An all-in-one marketing platform for your e-commerce. Optimize your sales through omni-channel leveraging AI-driven features and seamless automation.,https://www.aixploria.com/out/ModaAI,E-Commerce & Shops
Lumiere 3D,- 3D video generation to present your products on your stores or e-commerce leveraging AI-driven features and seamless automation.,https://www.aixploria.com/out/Lumiere3D,E-Commerce & Shops
DoMyShoot,- Simplified and professional realization of photoshoot of your products for your e-commerce leveraging AI-driven features and seamless automation.,https://www.aixploria.com/out/DoMyShoot,E-Commerce & Shops
Blend AI Studio,- Design professional looking photos for your Shopify products. Increase your conversion rate leveraging AI-driven features and seamless automation.,https://www.aixploria.com/out/BlendAIStudio,E-Commerce & Shops
Adcrafter AI,- Automate your Google Ads campaigns and create high-performance advertisements leveraging AI-driven features and seamless automation.,https://www.aixploria.com/out/AdcrafterAI,E-Commerce & Shops
AI Product Photos,- Edit and generate photos for your e-commerce products. Quickly improve your sales leveraging AI-driven features and seamless automation.,https://www.aixploria.com/out/AIProductPhotos,E-Commerce & Shops
Chatfuel AI,- Easily create cross-platform AI ChatBots for your customers. Increase your engagement and leveraging AI-driven features and seamless automation.,https://www.aixploria.com/out/ChatfuelAI,E-Commerce & Shops
Evolup,- Create your customizable affiliate store on Amazon with an AI expert in leveraging AI-driven features and seamless automation.,https://www.aixploria.com/out/Evolup,E-Commerce & Shops
Octane AI,- Ask your customers questions and boost your sales with AI interactions leveraging AI-driven features and seamless automation.,https://www.aixploria.com/out/OctaneAI,E-Commerce & Shops
Amelia by Amazon,"- A personalized AI assistant for Amazon sellers. Get instant answers, performance analysis leveraging AI-driven features and seamless automation.",https://www.aixploria.com/out/AmeliabyAmazon,E-Commerce & Shops
Zendesk AI,- Offer your customers customer service assisted by an AI ChatBot that knows leveraging AI-driven features and seamless automation.,https://www.aixploria.com/out/ZendeskAI,E-Commerce & Shops
Perplexity Shopping,- A shopping assistant that mixes conversational AI and visual search. Take a leveraging AI-driven features and seamless automation.,https://www.aixploria.com/out/PerplexityShopping,E-Commerce & Shops
Chatbot AI,- An assistant (chatbot) at the service of your customers leveraging AI-driven features and seamless automation.,https://www.aixploria.com/out/ChatbotAI,E-Commerce & Shops
OutplayHQ,- AI that helps you make more sales and convert your visitors into leveraging AI-driven features and seamless automation.,https://www.aixploria.com/out/OutplayHQ,E-Commerce & Shops
AI Ad by ADSBY,"- Create relevant advertising campaigns with AI. Works with Google, LinkedIn, Instagram, Facebook leveraging AI-driven features and seamless automation.",https://www.aixploria.com/out/AIAdbyADSBY,E-Commerce & Shops
Chargeblast,- A service that intercepts claims before they become official disputes. Protect your leveraging AI-driven features and seamless automation.,https://www.chargeblast.com/,E-Commerce & Shops
Hero AI,- Scan your items with AI to instantly obtain their price and exact leveraging AI-driven features and seamless automation.,https://www.aixploria.com/out/HeroAI,E-Commerce & Shops
OpenWidget,"- Many AI tools to turn your visitors into satisfied customers: contact form, leveraging AI-driven features and seamless automation.",https://www.aixploria.com/out/OpenWidget,E-Commerce & Shops
IngestAI,"- A commercial Chatbot that can be integrated on WhatsApp, Telegram, Discord or leveraging AI-driven features and seamless automation.",https://www.aixploria.com/out/IngestAI,E-Commerce & Shops
Markopolo,"- Recovery of your lost audiences on social networks such as Instagram, Google, leveraging AI-driven features and seamless automation.",https://www.aixploria.com/out/Markopolo,E-Commerce & Shops
SellerPic,"- Turn a simple product photo into a complete marketing campaign, with professional leveraging AI-driven features and seamless automation.",https://www.sellerpic.ai/,E-Commerce & Shops
Booth AI,- Get your clothes wearing by AI models or showcase your products. Production leveraging AI-driven features and seamless automation.,https://www.aixploria.com/out/BoothAI,E-Commerce & Shops
Benchmark Email,- Create professional and attractive emails leveraging AI-driven features and seamless automation.,https://www.aixploria.com/out/BenchmarkEmail,E-Commerce & Shops
Lalaland AI,- Mannequins and models to present your e-commerce products leveraging AI-driven features and seamless automation.,https://www.aixploria.com/out/LalalandAI,E-Commerce & Shops
UniBee,"- Streamline subscription management with open-source billing software. Reduce costs, simplify recurring payments, leveraging AI-driven features and seamless automation.",https://unibee.dev/,E-Commerce & Shops
Yozo AI SEO Blogs,"- Generate human-like, SEO-optimized blogs at scale to rank your store faster on leveraging AI-driven features and seamless automation.",https://www.yozo.ai/,E-Commerce & Shops
Repurpose IO,- An AI that simplifies your marketing and publishing on social networks leveraging AI-driven features and seamless automation.,https://www.aixploria.com/out/RepurposeIO,E-Commerce & Shops
Accio,- An intelligent B2B search engine that makes it easier for buyers and leveraging AI-driven features and seamless automation.,https://www.accio.com/,E-Commerce & Shops
CapCut Commerce Pro,- A suite of marketing tools that automates the creation of advertising content. leveraging AI-driven features and seamless automation.,https://www.aixploria.com/out/CapCutCommercePro,E-Commerce & Shops
Salesforce Einstein,"- A suite of AI tools embedded in the Salesforce platform. Optimize sales, leveraging AI-driven features and seamless automation.",https://www.aixploria.com/out/SalesforceEinstein,E-Commerce & Shops
GlamAR,"- Boost your sales with augmented reality virtual fittings. Make-up, glasses, jewelry... Your leveraging AI-driven features and seamless automation.",https://www.aixploria.com/out/GlamAR,E-Commerce & Shops
Naker,- Design products that can be visualized in 3D leveraging AI-driven features and seamless automation.,https://www.aixploria.com/out/Naker,E-Commerce & Shops
SmartScout,- Improve your SEO on Amazon with AI and data leveraging AI-driven features and seamless automation.,https://www.aixploria.com/out/SmartScout,E-Commerce & Shops
Semrush Social Toolkit,- A powerful set of AI tools to easily manage and optimize your leveraging AI-driven features and seamless automation.,https://www.aixploria.com/out/SemrushSocialToolkit,Education & Learning
Perplexity AI,- A search engine that gives precise answers to complex questions leveraging AI-driven features and seamless automation.,https://www.aixploria.com/out/PerplexityAI,Education & Learning
Globe Explorer AI,- A search engine that visually breaks down any subject using AI models. leveraging AI-driven features and seamless automation.,https://www.aixploria.com/out/GlobeExplorerAI,Education & Learning
ChatPDF,- AI interacts with your PDF files like a human. Easily extract information leveraging AI-driven features and seamless automation.,https://www.aixploria.com/out/ChatPDF,Education & Learning
Notion AI,"- Increase your creativity, write faster and organize yourself more effectively leveraging AI-driven features and seamless automation.",https://www.aixploria.com/out/NotionAI,Education & Learning
QuillBot,"- A practical tool for quickly rewriting, checking and improving your texts. Available leveraging AI-driven features and seamless automation.",https://www.aixploria.com/out/QuillBot,Education & Learning
Deepl,"- The essential, high-quality translation tool leveraging AI-driven features and seamless automation.",https://www.aixploria.com/out/Deepl,Education & Learning
FireFlies,- Automate your notes during meetings or classroom sessions. This software captures and leveraging AI-driven features and seamless automation.,https://www.aixploria.com/out/FireFlies,Education & Learning
Coursera,"- Access over 800 specialized courses in artificial intelligence, from beginner to expert leveraging AI-driven features and seamless automation.",https://www.aixploria.com/out/Coursera,Education & Learning
Liner AI,"- An AI copilot for your workspace, powered by ChatGPT. Quickly find information leveraging AI-driven features and seamless automation.",https://www.aixploria.com/out/LinerAI,Education & Learning
QuizLet,"- Learn more easily with educational games, flashcards and practice quizzes. Available on leveraging AI-driven features and seamless automation.",https://www.aixploria.com/out/QuizLet,Education & Learning
Unstuck AI,"- Turn your course documents into an intelligent study assistant. Discuss your PDFs, leveraging AI-driven features and seamless automation.",https://www.aixploria.com/out/UnstuckAI,Education & Learning
NotebookLM,- An AI research assistant to organize and analyze your documents. Import your leveraging AI-driven features and seamless automation.,https://www.aixploria.com/out/NotebookLM,Education & Learning
Nolej,"- Generation of learning formats from YouTube videos, websites, documents, etc leveraging AI-driven features and seamless automation.",https://www.aixploria.com/out/Nolej,Education & Learning
LearnLingo,- Improve your language skills through personalized conversations with an AI teacher leveraging AI-driven features and seamless automation.,https://www.aixploria.com/out/LearnLingo,Education & Learning
Promptstacks,- Pre-validated prompts for models like ChatGPT. Includes support and a community to leveraging AI-driven features and seamless automation.,https://www.aixploria.com/out/Promptstacks,Education & Learning
Monic AI,- Turn your notes into mock questions and exams in any language leveraging AI-driven features and seamless automation.,https://www.aixploria.com/out/MonicAI,Education & Learning
FrenchLab IO,- An AI ChatBot that allows you to learn French directly on instant leveraging AI-driven features and seamless automation.,https://www.aixploria.com/out/FrenchLabIO,Education & Learning
Textbuddy,- Intelligent tool that analyzes your text to improve and simplify your writing leveraging AI-driven features and seamless automation.,https://www.aixploria.com/out/Textbuddy,Education & Learning
Adaptiv Academy,- An AI assistant that answers your questions and recommends career choices based leveraging AI-driven features and seamless automation.,https://www.aixploria.com/out/AdaptivAcademy,Education & Learning
Khan Academy,"- AI guide offering support to students and teachers, with interactive experience and leveraging AI-driven features and seamless automation.",https://www.aixploria.com/out/KhanAcademy,Education & Learning
to teach,- An intelligent assistant that provides personalized learning materials for teachers leveraging AI-driven features and seamless automation.,https://www.aixploria.com/out/toteach,Education & Learning
AcademicGPT,- A set of AI tools to simplify academic writing. Upload your texts leveraging AI-driven features and seamless automation.,https://www.aixploria.com/out/AcademicGPT,Education & Learning
VidToQuiz,- An AI tool that can convert your videos and texts into interactive leveraging AI-driven features and seamless automation.,https://www.aixploria.com/out/VidToQuiz,Education & Learning
Gliglish,- An AI language teacher who will teach you and help you improve leveraging AI-driven features and seamless automation.,https://www.aixploria.com/out/Gliglish,Education & Learning
Owwlish,- Easily monetize your knowledge by creating online courses integrated directly into your leveraging AI-driven features and seamless automation.,https://www.aixploria.com/out/Owwlish,Education & Learning
Hemingway App,- An AI that helps you write original texts. Also checks your spelling leveraging AI-driven features and seamless automation.,https://www.aixploria.com/out/HemingwayApp,Education & Learning
Tandem GPT,- An AI partner (chatbot) to learn various languages through realistic and engaging leveraging AI-driven features and seamless automation.,https://www.aixploria.com/out/TandemGPT,Education & Learning
ChatIQ.ai,"- Create ChatBots using PDF files, text or websites for AI training. Ideal leveraging AI-driven features and seamless automation.",https://www.aixploria.com/out/ChatIQ.ai,Education & Learning
Rewriter AI,"- Reduce your writing time with AI: rephrasing, paraphrasing, grammar and text summary leveraging AI-driven features and seamless automation.",https://www.aixploria.com/out/RewriterAI,Education & Learning
LearningStudioAI,- An AI tool that simplifies the creation of online courses and enhances leveraging AI-driven features and seamless automation.,https://www.aixploria.com/out/LearningStudioAI,Education & Learning
Coursebox,- Create an online course in less than an hour (powered by an leveraging AI-driven features and seamless automation.,https://www.aixploria.com/out/Coursebox,Education & Learning
WisdomPlan,"- Optimize your learning with a personalized AI tool. Benefit from customized plans, leveraging AI-driven features and seamless automation.",https://www.aixploria.com/out/WisdomPlan,Education & Learning
PerfectEssayWriter AI,- Write academic-level essays in seconds with a multi-tool AI platform. Stimulate your leveraging AI-driven features and seamless automation.,https://www.aixploria.com/out/PerfectEssayWriterAI,Education & Learning
TalkToBooks,- An AI that searches the Google Books database to answer your questions leveraging AI-driven features and seamless automation.,https://www.aixploria.com/out/TalkToBooks,Education & Learning
StudyX,"- An AI platform dedicated to studies, offering personalised support through writing tools, leveraging AI-driven features and seamless automation.",https://www.aixploria.com/out/StudyX,Education & Learning
Essay Builder AI,- A text generator specifically designed to help students with their academic writing leveraging AI-driven features and seamless automation.,https://www.aixploria.com/out/EssayBuilderAI,Education & Learning
Fluxy AI,- An assistant that can help you with a variety of education-related tasks. leveraging AI-driven features and seamless automation.,https://www.aixploria.com/out/FluxyAI,Education & Learning
EverLearns,- An AI tool to generate courses automatically in just a few minutes. leveraging AI-driven features and seamless automation.,https://www.aixploria.com/out/EverLearns,Education & Learning
Jungle,- A Chrome extension that creates small memory cards to help you memorize leveraging AI-driven features and seamless automation.,https://www.aixploria.com/out/Jungle,Education & Learning
MyMemo,- An AI tool to improve the memorization of your important information. Centralize leveraging AI-driven features and seamless automation.,https://www.aixploria.com/out/MyMemo,Education & Learning
CodeSignal,- Assess and develop your tech skills with CodeSignal. Its AI assessment and leveraging AI-driven features and seamless automation.,https://www.aixploria.com/out/CodeSignal,Education & Learning
EduWriter,- Generate a variety of academic papers or school essays with an AI leveraging AI-driven features and seamless automation.,https://www.aixploria.com/out/EduWriter,Education & Learning
PrepAI,- From any document create questionnaires and many other exercises leveraging AI-driven features and seamless automation.,https://www.aixploria.com/out/PrepAI,Education & Learning
Kippy AI,- Learn a new language with a high-performance AI mobile application. Improve your leveraging AI-driven features and seamless automation.,https://www.aixploria.com/out/KippyAI,Education & Learning
Ideamap AI,- Bring order to your ideas with AI that energizes your brainstorming sessions. leveraging AI-driven features and seamless automation.,https://www.aixploria.com/out/IdeamapAI,Education & Learning
iListen AI,- Turn articles or web pages into podcasts with AI. Get personalized summaries leveraging AI-driven features and seamless automation.,https://www.aixploria.com/out/iListenAI,Education & Learning
Oscar,- Generate personalized children's stories with AI. Ideal for parents and teachers leveraging AI-driven features and seamless automation.,https://www.aixploria.com/out/Oscar,Education & Learning
Ello,- An AI reading companion for children aged 4 to 8. Listen to leveraging AI-driven features and seamless automation.,https://www.aixploria.com/out/Ello,Education & Learning
Reading Coach by Microsoft,"- A smart, educational tool that stimulates reading fluency with personalized stories. Ideal leveraging AI-driven features and seamless automation.",https://www.aixploria.com/out/ReadingCoachbyMicrosoft,Education & Learning
Sizzle AI,"- An AI-boosted app that can solve all kinds of problems: math, chemistry, leveraging AI-driven features and seamless automation.",https://www.aixploria.com/out/SizzleAI,Education & Learning
YTClass,- Learn new skills with YouTube video courses. You're assisted by an AI leveraging AI-driven features and seamless automation.,https://www.aixploria.com/out/YTClass,Education & Learning
Coin Identifier Coin Snap,- A mobile application that accurately identifies any type of part in an leveraging AI-driven features and seamless automation.,https://www.aixploria.com/out/CoinIdentifierCoinSnap,Education & Learning
Upword,- Text summary creation made easy with a Chrome extension and powerful AI leveraging AI-driven features and seamless automation.,https://www.aixploria.com/out/Upword,Education & Learning
Kaiden AI,"- AI assistant for creating personalized courses, resources and assessments. Upload your own leveraging AI-driven features and seamless automation.",https://www.aixploria.com/out/KaidenAI,Education & Learning
Readbay.ai,- An AI coach to help you make the most of your reading leveraging AI-driven features and seamless automation.,https://www.aixploria.com/out/Readbay.ai,Education & Learning
Speak,- Become bilingual with an AI teacher who's always ready to help. Practice leveraging AI-driven features and seamless automation.,https://www.aixploria.com/out/Speak,Education & Learning
Better Synonyms AI,- A handy AI tool that can find synonyms in less than a leveraging AI-driven features and seamless automation.,https://www.aixploria.com/out/BetterSynonymsAI,Education & Learning
Quizard AI,- Get instant help with your homework. Example: take a photo of your leveraging AI-driven features and seamless automation.,https://www.aixploria.com/out/QuizardAI,Education & Learning
Turnitin,- Preserve academic integrity with AI that detects assisted writing in student work. leveraging AI-driven features and seamless automation.,https://www.aixploria.com/out/Turnitin,Education & Learning
Thekeys,- Can't express your idea orally? This assistant takes care of everything leveraging AI-driven features and seamless automation.,https://www.aixploria.com/out/Thekeys,Education & Learning
Free Essay Generator,- An AI writer to write fast and reliable academic essays. Includes MLA/APA leveraging AI-driven features and seamless automation.,https://www.aixploria.com/out/FreeEssayGenerator,Education & Learning
Outline Ninja,- An AI that turns your keywords into a professional infographic leveraging AI-driven features and seamless automation.,https://www.aixploria.com/out/OutlineNinja,Education & Learning
Aithor,- A multilingual AI writing assistant that generates essays and articles. It features leveraging AI-driven features and seamless automation.,https://www.aixploria.com/out/Aithor,Education & Learning
LearnSmarter.ai,- An AI that aims to revolutionize your learning. It offers chatbots to leveraging AI-driven features and seamless automation.,https://www.aixploria.com/out/LearnSmarter.ai,Education & Learning
AI Math,"- A free, no-registration site for solving math problems with AI. Provides detailed leveraging AI-driven features and seamless automation.",https://www.aixploria.com/out/AIMath,Education & Learning
Corrector App,- Quickly check your text with this AI-powered spell checker leveraging AI-driven features and seamless automation.,https://www.aixploria.com/out/CorrectorApp,Education & Learning
Proseable,- Learn a new language with the help of a polyglot AI. Conversational leveraging AI-driven features and seamless automation.,https://www.aixploria.com/out/Proseable,Education & Learning
Melon AI,- A learning system that helps you organize and retain your ideas more leveraging AI-driven features and seamless automation.,https://www.aixploria.com/out/MelonAI,Education & Learning
nanoGPT,- Discover the inner workings of GPT in an interactive spreadsheet. See the leveraging AI-driven features and seamless automation.,https://www.aixploria.com/out/nanoGPT,Education & Learning
LessonPlans AI,- Fast step-by-step lesson generation driven by high quality AI leveraging AI-driven features and seamless automation.,https://www.aixploria.com/out/LessonPlansAI,Education & Learning
Heuristica,- Visually explore concepts on any subject with AI-generated mind maps. Search and leveraging AI-driven features and seamless automation.,https://www.aixploria.com/out/Heuristica,Education & Learning
Otio AI,- An AI-assisted research and writing platform that helps researchers organize and summarize leveraging AI-driven features and seamless automation.,https://www.aixploria.com/out/OtioAI,Education & Learning
Elsa Speak,- A personal English teacher powered by an AI leveraging AI-driven features and seamless automation.,https://www.aixploria.com/out/ElsaSpeak,Education & Learning
DataCamp,- Online learning portal to develop your data science and AI skills. Take leveraging AI-driven features and seamless automation.,https://www.aixploria.com/out/DataCamp,Education & Learning
Brainy Docs,- An AI tool that transforms your PDFs into compelling explainer videos. Convert leveraging AI-driven features and seamless automation.,https://www.aixploria.com/out/BrainyDocs,Education & Learning
Fobizz,- An AI for teachers who want to design online lessons and courses leveraging AI-driven features and seamless automation.,https://www.aixploria.com/out/Fobizz,Education & Learning
Education CoPilot,- Generate and schedule your courses fully automatically with AI leveraging AI-driven features and seamless automation.,https://www.aixploria.com/out/EducationCoPilot,Education & Learning
Khanmigo,- An AI assistant for teachers that facilitates lesson planning and supports learning leveraging AI-driven features and seamless automation.,https://www.aixploria.com/out/Khanmigo,Education & Learning
Acely.ai,- Prepare for the SAT with an AI tool containing thousands of practice leveraging AI-driven features and seamless automation.,https://www.aixploria.com/out/Acely.ai,Education & Learning
Slay School,- Convert your lesson notes into flashcards or quizzes to help you study leveraging AI-driven features and seamless automation.,https://www.aixploria.com/out/SlaySchool,Education & Learning
Mathly AI,"- A math assistant who can solve math problems, but also explain them leveraging AI-driven features and seamless automation.",https://www.aixploria.com/out/MathlyAI,Education & Learning
MindSmith,- Intuitive AI tools to build mini courses in various disciplines leveraging AI-driven features and seamless automation.,https://www.aixploria.com/out/MindSmith,Education & Learning
Glitter AI,- Turn any (even complex) process into an easy-to-understand step-by-step guide. You can leveraging AI-driven features and seamless automation.,https://www.aixploria.com/out/GlitterAI,Education & Learning
To Teach AI,- Creating customized learning experiences and systems for your students leveraging AI-driven features and seamless automation.,https://www.aixploria.com/out/ToTeachAI,Education & Learning
Caktus,"- An assistant designed for students who can write, code and answer academic leveraging AI-driven features and seamless automation.",https://www.aixploria.com/out/Caktus,Education & Learning
Best SAT Score,"- Prepare for the SAT with adaptive tests, detailed explanations written by experts leveraging AI-driven features and seamless automation.",https://www.bestsatscore.com/?via=aixploria,Education & Learning
Pages by Perplexity,"- Create real articles with visually appealing, shareable content in minutes. Ideal for leveraging AI-driven features and seamless automation.",https://www.aixploria.com/out/PagesbyPerplexity,Education & Learning
AI Homework Helper,"- Get instant help with TutorBin's AI: solve your homework, access detailed solutions leveraging AI-driven features and seamless automation.",https://tutorbin.com/ai-homework-helper?utm_source=link&utm_medium=link_exchange&utm_campaign=link_exchange_ai-homework-helper,Education & Learning
Llama Tutor,"- Your personal IA teacher is always ready to help. Enter a subject, leveraging AI-driven features and seamless automation.",https://www.aixploria.com/out/LlamaTutor,Education & Learning
Doctrina AI,- Distance learning support for children and students leveraging AI-driven features and seamless automation.,https://www.aixploria.com/out/DoctrinaAI,Education & Learning
Analogenie,- Use AI to explain complex concepts using easy-to-understand analogies leveraging AI-driven features and seamless automation.,https://www.aixploria.com/out/Analogenie,Education & Learning
ClassPoint AI,- Generate interactive questions from your PowerPoint slides. Make your presentations more stimulating leveraging AI-driven features and seamless automation.,https://www.aixploria.com/out/ClassPointAI,Education & Learning
Moonbeam,- An automatic AI writer specialized in long essays leveraging AI-driven features and seamless automation.,https://www.aixploria.com/out/Moonbeam,Education & Learning
MathGPTPro,"- Solve mathematical problems and calculations, even at the most advanced level, with leveraging AI-driven features and seamless automation.",https://www.aixploria.com/out/MathGPTPro,Education & Learning
Mindgrasp,"- Design of questions and answers from a PDF document, Zoom meeting, podcast, leveraging AI-driven features and seamless automation.",https://www.aixploria.com/out/Mindgrasp,Education & Learning
Rize IO,- Allows you to better manage your time and concentration leveraging AI-driven features and seamless automation.,https://www.aixploria.com/out/RizeIO,Education & Learning
DiveDeck.ai,- An AI assistant for creating structured content pages on any subject. Works leveraging AI-driven features and seamless automation.,https://www.aixploria.com/out/DiveDeck.ai,Education & Learning
AI Career Coach,"- Benefit from personalized career coaching thanks to AI. Explore career paths, prepare leveraging AI-driven features and seamless automation.",https://www.aixploria.com/out/AICareerCoach,Education & Learning
Morphic AI,- An open source search engine that gives you detailed answers while citing leveraging AI-driven features and seamless automation.,https://www.aixploria.com/out/MorphicAI,Education & Learning
Find Your Next Book,- A virtual librarian who will find your next book according to your leveraging AI-driven features and seamless automation.,https://www.aixploria.com/out/FindYourNextBook,Education & Learning
LangoTalk,"- Learn English, French, Spanish, German, Dutch or Italian 6 times faster leveraging AI-driven features and seamless automation.",https://www.aixploria.com/out/LangoTalk,Education & Learning
DGM AI,"- Generate professional, automated diagrams using AI. Use pre-built libraries for UML, ERD, leveraging AI-driven features and seamless automation.",https://www.aixploria.com/out/DGMAI,Education & Learning
Solvy,- An AI assistant specialized in homework help that instantly answers your mathematical leveraging AI-driven features and seamless automation.,https://getsolvy.app/,Education & Learning
Course Hero,- Access course documents and step-by-step explanations with the help of AI teachers. leveraging AI-driven features and seamless automation.,https://www.aixploria.com/out/CourseHero,Education & Learning
StudyGPT,"- A multitasking copilot that helps you summarise text, translate documents, do academic leveraging AI-driven features and seamless automation.",https://www.aixploria.com/out/StudyGPT,Education & Learning
Fluig AI,"- Instantly transform your documents, ideas or websites into diagrams, mind maps, flow leveraging AI-driven features and seamless automation.",https://www.fluig.cc/?hmsr=aIxploria,Education & Learning
ChatDOC,- An AI assistant based on ChatGPT that extracts and summarizes information from leveraging AI-driven features and seamless automation.,https://www.aixploria.com/out/ChatDOC,Education & Learning
Scholarcy,- An AI that summarizes very large texts or articles and extracts the leveraging AI-driven features and seamless automation.,https://www.aixploria.com/out/Scholarcy,Education & Learning
Mindmap.ai,- Describe your idea and this AI will generate a visual map with leveraging AI-driven features and seamless automation.,https://www.aixploria.com/out/Mindmap.ai,Education & Learning
Mathsolver.top,- A free AI math problem solver that provides step-by-step solutions and personalized leveraging AI-driven features and seamless automation.,http://www.mathsolver.top/,Education & Learning
OpenRead,"- An AI-based tool that extracts, summarizes and analyzes any academic document or leveraging AI-driven features and seamless automation.",https://www.aixploria.com/out/OpenRead,Education & Learning
Chegg,- Access a wide range of tools to help you with your studies. leveraging AI-driven features and seamless automation.,https://www.aixploria.com/out/Chegg,Education & Learning
Learn About by Google,"- An experimental educational tool from Google. Ask questions, upload documents and explore leveraging AI-driven features and seamless automation.",https://www.aixploria.com/out/LearnAboutbyGoogle,Education & Learning
Grammarly,"- Write original, high-quality content. Get advice from an AI-driven writing assistant leveraging AI-driven features and seamless automation.",https://www.aixploria.com/out/Grammarly,Education & Learning
Napkin AI,- Turn your texts into professional visuals in just a few clicks. Create leveraging AI-driven features and seamless automation.,https://www.aixploria.com/out/NapkinAI,Education & Learning
TurboLearn,- Create interactive online courses with note-taking AI that analyzes your documents. Generate leveraging AI-driven features and seamless automation.,https://www.aixploria.com/out/TurboLearn,Education & Learning
Duolingo,"- Use AI to learn a language while having fun. Availability: English, Spanish, leveraging AI-driven features and seamless automation.",https://www.aixploria.com/out/Duolingo,Education & Learning
Gradescope,"- Manage and mark all your tests, MCQs and exams efficiently, in class leveraging AI-driven features and seamless automation.",https://www.aixploria.com/out/Gradescope,Education & Learning
StudyFetch,- A range of AI tools to help you succeed in your studies: leveraging AI-driven features and seamless automation.,https://www.aixploria.com/out/StudyFetch,Education & Learning
Quick Draw by Google,- Draw and an AI will try to guess what it is. The leveraging AI-driven features and seamless automation.,https://www.aixploria.com/out/QuickDrawbyGoogle,Education & Learning
Enterprise DNA,- Boost your data and AI skills with customized training courses. Take up leveraging AI-driven features and seamless automation.,https://www.aixploria.com/out/EnterpriseDNA,Education & Learning
Mindmap Generator,- Create and visualize your ideas easily with this free AI mind map leveraging AI-driven features and seamless automation.,https://www.aixploria.com/out/MindmapGenerator,Education & Learning
AI Tutor Pro,"- Get information on any subject with a free, private AI assistant. The leveraging AI-driven features and seamless automation.",https://www.aixploria.com/out/AITutorPro,Education & Learning
LearnLM by Google,- A series of generative AI models created by Google for the world leveraging AI-driven features and seamless automation.,https://www.aixploria.com/out/LearnLMbyGoogle,Education & Learning
Roshi AI,"- Generate summaries, questions or vocabulary lists on any article or YouTube video leveraging AI-driven features and seamless automation.",https://www.aixploria.com/out/RoshiAI,Education & Learning
Beyond 12,"- An AI support program designed especially for students. Benefit from personalized coaching, leveraging AI-driven features and seamless automation.",https://www.aixploria.com/out/Beyond12,Education & Learning
AI Dictionary by Sider,"- A multilingual IA dictionary for quick and accurate definitions, examples of use leveraging AI-driven features and seamless automation.",https://www.aixploria.com/out/AIDictionarybySider,Education & Learning
Play by Hyperspace,- Explore a topic of your choice in depth with the help of leveraging AI-driven features and seamless automation.,https://www.aixploria.com/out/PlaybyHyperspace,Education & Learning
Spellar AI,- An AI assistant that helps you when you have to speak or leveraging AI-driven features and seamless automation.,https://www.aixploria.com/out/SpellarAI,Education & Learning
Quizgecko,- Quiz-generating AI perfect for teachers or e-learning leveraging AI-driven features and seamless automation.,https://www.aixploria.com/out/Quizgecko,Education & Learning
Elicit,"- Classify, summarize, analyze or automate your searches with the power of AI leveraging AI-driven features and seamless automation.",https://www.aixploria.com/out/Elicit,Education & Learning
SharkWriter.ai,- An AI essay writer's assistant designed to help students write quality essays. leveraging AI-driven features and seamless automation.,https://sharkwriter.ai/,Education & Learning
Brainly,- Get help with your homework and receive personalised explanations with AI. Scan leveraging AI-driven features and seamless automation.,https://www.aixploria.com/out/Brainly,Education & Learning
Memoru Flashcards,- An AI-assisted flashcard system to enhance your learning in any subject. With leveraging AI-driven features and seamless automation.,https://www.aixploria.com/out/MemoruFlashcards,Education & Learning
Fillout AI,"- Easily create forms, surveys and quizzes with AI. Includes templates and integration leveraging AI-driven features and seamless automation.",https://www.aixploria.com/out/FilloutAI,Education & Learning
Talkpal AI,- Learn a language easily with the assistance of a teacher. AI under leveraging AI-driven features and seamless automation.,https://www.aixploria.com/out/TalkpalAI,Education & Learning
Lablab.ai,- Learn how to build and manage artificial intelligence with customized lessons leveraging AI-driven features and seamless automation.,https://www.aixploria.com/out/Lablab.ai,Education & Learning
Sproutful.ai,"- Learn at your own rhythm, with a personalized learning platform that adapts leveraging AI-driven features and seamless automation.",https://sproutful.ai/,Education & Learning
SchoolHack,"- A versatile mobile app for students: writing assistant, essays, summaries, Q&A, etc leveraging AI-driven features and seamless automation.",https://www.aixploria.com/out/SchoolHack,Education & Learning
Bookabout,- Search the books by describing your idea or by keywords leveraging AI-driven features and seamless automation.,https://www.aixploria.com/out/Bookabout,Education & Learning
Humata AI,- A multi-tasking AI specializing in PDF files leveraging AI-driven features and seamless automation.,https://www.aixploria.com/out/HumataAI,Education & Learning
Revisely,"- Revise effectively with flashcards, AI quizzes, themed videos and a host of leveraging AI-driven features and seamless automation.",https://www.aixploria.com/out/Revisely,Education & Learning
AI Homework,- Do your homework with the help of an AI: get instant answers leveraging AI-driven features and seamless automation.,https://www.aixploria.com/out/AIHomework,Education & Learning
Textero AI,- An academic level writing assistant. Ideal for your school essays or article leveraging AI-driven features and seamless automation.,https://www.aixploria.com/out/TexteroAI,Education & Learning
Undermind AI,- An AI assistant that excels at detailed scientific research. Get accurate results leveraging AI-driven features and seamless automation.,https://www.aixploria.com/out/UndermindAI,Education & Learning
NeuroSpell,- Spell and grammar checker available in over 30 languages leveraging AI-driven features and seamless automation.,https://www.aixploria.com/out/NeuroSpell,Education & Learning
Saner.ai,- Capture and develop new ideas effortlessly using your notes or texts. Save leveraging AI-driven features and seamless automation.,https://www.aixploria.com/out/Saner.ai,Education & Learning
Recall AI,"- Summarize and save any online content: articles, PDFs, podcasts, Wikipedia, etc. Artificial leveraging AI-driven features and seamless automation.",https://www.aixploria.com/out/RecallAI,Education & Learning
Detect GPT,"- Text detector generated by an AI, under ChatGPT for example leveraging AI-driven features and seamless automation.",https://www.aixploria.com/out/DetectGPT,Education & Learning
Gatekeep,- Learn faster with personalized videos generated by AI. Make learning your courses leveraging AI-driven features and seamless automation.,https://www.aixploria.com/out/Gatekeep,Education & Learning
Soofy,- Improve your skills in the language of your choice with personalized exercises leveraging AI-driven features and seamless automation.,https://www.aixploria.com/out/Soofy,Education & Learning
Yip,- Create questions or quizzes from your content leveraging AI-driven features and seamless automation.,https://www.aixploria.com/out/Yip,Education & Learning
MagicSchool,"- A platform entirely dedicated to teaching through AI. Create lesson plans, generate leveraging AI-driven features and seamless automation.",https://www.aixploria.com/out/MagicSchool,Education & Learning
Quriosity,"- Generate personalized courses to facilitate your learning. Available for all subjects, languages, leveraging AI-driven features and seamless automation.",https://www.aixploria.com/out/Quriosity,Education & Learning
StudyCrumb,- Rephrase your sentences quickly and easily with this expert paraphrasing tool leveraging AI-driven features and seamless automation.,https://www.aixploria.com/out/StudyCrumb,Education & Learning
GPTionary,- A tool that allows people with limited English skills to improve for leveraging AI-driven features and seamless automation.,https://www.aixploria.com/out/GPTionary,Education & Learning
OpenCV University AI,- Take up the challenge of completing a 100-day course on artificial intelligence. leveraging AI-driven features and seamless automation.,https://www.aixploria.com/out/OpenCVUniversityAI,Education & Learning
BiRead,- Read and translate any website with AI via a Google Chrome extension. leveraging AI-driven features and seamless automation.,https://www.aixploria.com/out/BiRead,Education & Learning
Bytelearn,- An AI teacher who helps you with your homework by being a leveraging AI-driven features and seamless automation.,https://www.aixploria.com/out/Bytelearn,Education & Learning
MyLens.AI,"- AI that creates a timeline of key events in any field, ideal leveraging AI-driven features and seamless automation.",https://www.aixploria.com/out/MyLens.AI,Education & Learning
Minerva,- A search assistant that helps researchers and students quickly find academic-level information leveraging AI-driven features and seamless automation.,https://www.aixploria.com/out/Minerva,Education & Learning
Lex AI,- A powerful AI word processor that improves your writing skills. Live collaboration leveraging AI-driven features and seamless automation.,https://www.aixploria.com/out/LexAI,Education & Learning
Magicast.ai,- Turn any subject into a podcast-style audio experience. Perfect for education and leveraging AI-driven features and seamless automation.,https://www.aixploria.com/out/Magicast.ai,Education & Learning
Penseum,- Improve your studies with this AI tool that structures and analyzes academic leveraging AI-driven features and seamless automation.,https://www.aixploria.com/out/Penseum,Education & Learning
Chathelp.ai,"- An assistant that boosts the efficiency of your business, work or studies. leveraging AI-driven features and seamless automation.",https://www.aixploria.com/out/Chathelp.ai,Education & Learning
CodeKidz,- A learning companion for children to help them learn the Python language leveraging AI-driven features and seamless automation.,https://www.aixploria.com/out/CodeKidz,Education & Learning
Thinkster Math,- Boost your child's math learning 3x faster with the world's first AI-based leveraging AI-driven features and seamless automation.,https://www.aixploria.com/out/ThinksterMath,Education & Learning
Metkagram,- Learn a language more effectively using annotated cards and AI-generated memory leveraging AI-driven features and seamless automation.,https://www.aixploria.com/out/Metkagram,Education & Learning
AssignmentGPT AI,- An ergonomic platform with a powerful AI academic-level writing assistant. Ideal for leveraging AI-driven features and seamless automation.,https://www.aixploria.com/out/AssignmentGPTAI,Education & Learning
Fixkey AI,- An AI writing assistant that works in real time at the speed leveraging AI-driven features and seamless automation.,https://www.aixploria.com/out/FixkeyAI,Education & Learning
Photomath,- Simply scan your math problem with the app and get a detailed leveraging AI-driven features and seamless automation.,https://www.aixploria.com/out/Photomath,Education & Learning
Vocalo,- Talk to an AI teacher who will teach you to speak perfect leveraging AI-driven features and seamless automation.,https://www.aixploria.com/out/Vocalo,Education & Learning
CourseFactory AI,- Produce your online courses quickly with this expert AI in the field leveraging AI-driven features and seamless automation.,https://www.aixploria.com/out/CourseFactoryAI,Education & Learning
Teach Anything,- Do quick question and answer lessons on the topic of your choice leveraging AI-driven features and seamless automation.,https://www.aixploria.com/out/TeachAnything,Education & Learning
100DaysOfAI Challenge,- Challenge yourself: learn all about AI with tailored daily lessons. Lessons are leveraging AI-driven features and seamless automation.,https://www.aixploria.com/out/100DaysOfAIChallenge,Education & Learning
ExamCram,- A tool for students who want to simulate exams based on a leveraging AI-driven features and seamless automation.,https://www.aixploria.com/out/ExamCram,Education & Learning
Wisio,- An AI platform designed for scientific writing accessible in several languages leveraging AI-driven features and seamless automation.,https://www.aixploria.com/out/Wisio,Education & Learning
Scribens,- A spell checker that checks your mistakes in any text leveraging AI-driven features and seamless automation.,https://www.aixploria.com/out/Scribens,Education & Learning
Cordial,- An AI that corrects your text and highlights your spelling mistakes (in leveraging AI-driven features and seamless automation.,https://www.aixploria.com/out/Cordial,Education & Learning
MyLessonPal,- A tool for teachers to create courses adapted to different school levels. leveraging AI-driven features and seamless automation.,https://www.aixploria.com/out/MyLessonPal,Education & Learning
Article Summarizer,"- Tool that automatically summarizes even very long articles. Compatible with Medium, TechCrunch, leveraging AI-driven features and seamless automation.",https://www.aixploria.com/out/ArticleSummarizer,Education & Learning
PopAI,"- A comprehensive workspace that lets you analyze and discuss documents, create images, leveraging AI-driven features and seamless automation.",https://www.aixploria.com/out/PopAI,Education & Learning
Codeamigo,- Learn to code quickly and efficiently with short courses and lessons leveraging AI-driven features and seamless automation.,https://www.aixploria.com/out/Codeamigo,Education & Learning
MathHandwriting,- Easily convert your handwritten equations into LaTeX format. This AI tool simplifies leveraging AI-driven features and seamless automation.,https://www.aixploria.com/out/MathHandwriting,Education & Learning
BooksAI,- Easily create book summaries from book photos with Vision AI and GPT-4 leveraging AI-driven features and seamless automation.,https://www.aixploria.com/out/BooksAI,Education & Learning
Luminaries,"- Digital coaches to guide you in various areas of life, from wellness leveraging AI-driven features and seamless automation.",https://www.aixploria.com/out/Luminaries,Education & Learning
AICheatCheck,- Help for teachers to detect if content is written by an AI leveraging AI-driven features and seamless automation.,https://www.aixploria.com/out/AICheatCheck,Education & Learning
CourseAI,- A platform that simplifies the creation and sale of online courses. Choose leveraging AI-driven features and seamless automation.,https://www.aixploria.com/out/CourseAI,Education & Learning
MyEssayWriterAI,"- Write your essays, dissertations or articles with the help of expert writing leveraging AI-driven features and seamless automation.",https://www.aixploria.com/out/MyEssayWriterAI,Education & Learning
Geleza,- An AI-assisted learning platform designed to help students study and prepare for leveraging AI-driven features and seamless automation.,https://www.aixploria.com/out/Geleza,Education & Learning
Paperclips,- Generates flashcards from PDF files. Facilitates learning and exam preparation for students leveraging AI-driven features and seamless automation.,https://www.aixploria.com/out/Paperclips,Education & Learning
Heuristica,- Expand your knowledge on a variety of topics with an ingenious AI-driven leveraging AI-driven features and seamless automation.,https://www.aixploria.com/out/Heuristica,Education & Learning
Shiken,"- An all-in-one school learning application that uses AI interactively: live quizzes, lessons, leveraging AI-driven features and seamless automation.",https://www.aixploria.com/out/Shiken,Education & Learning
Reinforz,- An AI-powered learning platform to automate academic tasks. Create and manage quizzes leveraging AI-driven features and seamless automation.,https://www.aixploria.com/out/Reinforz,Education & Learning
Quizbot.ai,"- A smart, simple generator for quickly creating questions for your quizzes or leveraging AI-driven features and seamless automation.",https://www.aixploria.com/out/Quizbot.ai,Education & Learning
Parabrain,- Turn your notes or articles into expert AI in your field. Facilitate leveraging AI-driven features and seamless automation.,https://www.aixploria.com/out/Parabrain,Education & Learning
DoubtClear AI,- A revolutionary tool that provides instant solutions to your academic doubts in leveraging AI-driven features and seamless automation.,https://www.aixploria.com/out/DoubtClearAI,Education & Learning
WordfixerBot,"- AI writing assistant for paraphrasing, grammar checking, text summarization, etc leveraging AI-driven features and seamless automation.",https://www.aixploria.com/out/WordfixerBot,Education & Learning
Legends AI,- A training tool that helps children develop self-confidence through personalized programs leveraging AI-driven features and seamless automation.,https://www.aixploria.com/out/LegendsAI,Education & Learning
Feyn,- An intelligent personal assistant that helps with various tasks. Makes it easy leveraging AI-driven features and seamless automation.,https://www.aixploria.com/out/Feyn,Education & Learning
PolySpeak,"- A free language-learning application for IOS. Available in Spanish, French, German, Chinese leveraging AI-driven features and seamless automation.",https://www.aixploria.com/out/PolySpeak,Education & Learning
Kaggle,- A community platform focused on artificial intelligence. This site provides ML learning leveraging AI-driven features and seamless automation.,https://www.aixploria.com/out/Kaggle,Education & Learning
Paraphrasing Tool,"- This AI assistant creates and translates texts, with integrated search and paraphrase leveraging AI-driven features and seamless automation.",https://www.aixploria.com/out/ParaphrasingTool,Education & Learning
Smodin,"- A powerful content writer, ideal for students leveraging AI-driven features and seamless automation.",https://www.aixploria.com/out/Smodin,Education & Learning
Illuminate by Google,- An experimental tool that transforms your content into AI-generated audio discussions. Convert leveraging AI-driven features and seamless automation.,https://www.aixploria.com/out/IlluminatebyGoogle,Education & Learning
Take a Quiz,- An AI tool that makes it easy to create and share personalized leveraging AI-driven features and seamless automation.,,Education & Learning
Tutor AI,- A platform designed for learning and driven by an AI leveraging AI-driven features and seamless automation.,https://www.aixploria.com/out/TutorAI,Education & Learning
AskYourPDF,- An AI ChatBot to interact efficiently with your PDF files and facilitate leveraging AI-driven features and seamless automation.,https://www.aixploria.com/out/AskYourPDF,Education & Learning
GenFM ElevenReader,- An application that converts your documents into podcasts hosted by two AI leveraging AI-driven features and seamless automation.,https://www.aixploria.com/out/GenFMElevenReader,Education & Learning
NoteGPT,"- Optimize your learning with this multifunctional AI assistant. Summarize YouTube videos, PDFs, leveraging AI-driven features and seamless automation.",https://www.aixploria.com/out/NoteGPT,Education & Learning
Mathway,- Ask this AI any math question or problem and get the result leveraging AI-driven features and seamless automation.,https://www.aixploria.com/out/Mathway,Education & Learning
Quill,- A free educational platform to improve reading and writing skills. Offer your leveraging AI-driven features and seamless automation.,https://www.aixploria.com/out/Quill,Education & Learning
Socratic by Google,"- An AI to help you in your studies: math, science, literature, etc leveraging AI-driven features and seamless automation.",https://www.aixploria.com/out/SocraticbyGoogle,Education & Learning
Resoomer,"- Easily summarize any text, even long ones, and boost your productivity. Also leveraging AI-driven features and seamless automation.",https://www.aixploria.com/out/Resoomer,Education & Learning
WolframAlpha,"- Calculate or ask anything you want to this incredible AI, expert in leveraging AI-driven features and seamless automation.",https://www.aixploria.com/out/WolframAlpha,Education & Learning
Poe,"- A platform that centralizes access to top AI models like GPT-4o, Claude leveraging AI-driven features and seamless automation.",https://www.aixploria.com/out/Poe,Education & Learning
Consensus,- Get deep insight into scientific research from an AI-powered search engine leveraging AI-driven features and seamless automation.,https://www.aixploria.com/out/Consensus,Education & Learning
Semantic Scholar,- Explore 220 million scientific publications with a semantic AI search engine and leveraging AI-driven features and seamless automation.,https://www.aixploria.com/out/SemanticScholar,Education & Learning
Scite.ai,- An AI search platform for discovering and evaluating scientific articles. Search 1.2 leveraging AI-driven features and seamless automation.,https://www.aixploria.com/out/Scite.ai,Education & Learning
Gauth AI,- An AI assistant to solve your homework in all subjects. Get detailed leveraging AI-driven features and seamless automation.,https://www.aixploria.com/out/GauthAI,Education & Learning
Prezo AI,"- Design professional presentations with the help of AI: automated designs, transitions, images, leveraging AI-driven features and seamless automation.",https://www.aixploria.com/out/PrezoAI,Education & Learning
Owlift,- This AI explains you everything and anything as if you were a leveraging AI-driven features and seamless automation.,https://www.aixploria.com/out/Owlift,Education & Learning
LanguageTool,"- A multilingual AI writing assistant to improve your texts. Correct grammar, spelling leveraging AI-driven features and seamless automation.",https://www.aixploria.com/out/LanguageTool,Education & Learning
Otter AI,- Transcribes oral conversations into text leveraging AI-driven features and seamless automation.,https://www.aixploria.com/out/OtterAI,Education & Learning
Tree of Knowledge AI,- Explore human knowledge in the form of an interactive AI knowledge tree. leveraging AI-driven features and seamless automation.,https://www.aixploria.com/out/TreeofKnowledgeAI,Education & Learning
Semrush Social Toolkit,- A powerful set of AI tools to easily manage and optimize your leveraging AI-driven features and seamless automation.,https://www.aixploria.com/out/SemrushSocialToolkit,Face Swap & Deepfake
FaceFusion,- Generate DeepFake videos and play the role of anyone you like: a leveraging AI-driven features and seamless automation.,https://www.aixploria.com/out/FaceFusion,Face Swap & Deepfake
FaceSwapper,- Replace any face in your photos or videos realistically with AI. Change leveraging AI-driven features and seamless automation.,https://www.aixploria.com/out/FaceSwapper,Face Swap & Deepfake
DeepFakesWeb,- Make amazing Deepfakes videos in 2 clicks leveraging AI-driven features and seamless automation.,https://www.aixploria.com/out/DeepFakesWeb,Face Swap & Deepfake
Video Face Swap,- An online tool that swaps faces in your videos without registration. Easily leveraging AI-driven features and seamless automation.,https://aifaceswapper.io/video-face-swap?utm_source=bls-aixploria.com,Face Swap & Deepfake
Face Swap by Remaker,"- Easily swap faces in your photos using a free, secure online tool. leveraging AI-driven features and seamless automation.",https://www.aixploria.com/out/FaceSwapbyRemaker,Face Swap & Deepfake
Misgif,"- Replace the face of a character in a GIF with your own, leveraging AI-driven features and seamless automation.",https://www.aixploria.com/out/Misgif,Face Swap & Deepfake
Mango AI,"- Easily generate AI videos, talking photos, animated avatars, video translations and much leveraging AI-driven features and seamless automation.",https://mangoanimate.com/ai,Face Swap & Deepfake
KreadoAI FaceSwap,"- Create super-realistic face swap videos with ease. Swap faces across genders, skin leveraging AI-driven features and seamless automation.",https://www.kreadoai.com/video-face-swap/?utm_source=aixploria.com,Face Swap & Deepfake
FraimeBot,- Easily exchange faces (faceswap) in your videos with Telegram's built-in AI using leveraging AI-driven features and seamless automation.,https://www.aixploria.com/out/FraimeBot,Face Swap & Deepfake
DeepSwapper AI,- Quickly swap your face on an image using the face swap technique. leveraging AI-driven features and seamless automation.,https://www.aixploria.com/out/DeepSwapperAI,Face Swap & Deepfake
DeepFaceLab,- Creation of relevant Deepfakes. Swap your face while keeping a realistic and leveraging AI-driven features and seamless automation.,https://www.aixploria.com/out/DeepFaceLab,Face Swap & Deepfake
FaceMex,"- Edit your images with over 20 tools including face swapping, avatar generation leveraging AI-driven features and seamless automation.",https://www.facemex.ai/?utm_source=aixploria,Face Swap & Deepfake
SwapFans AI,- Quickly exchange faces with a large number of videos from social networks leveraging AI-driven features and seamless automation.,https://www.swapfans.ai/,Face Swap & Deepfake
Funy AI,- An all-in-one platform featuring AI tools such as face swapping in photos leveraging AI-driven features and seamless automation.,https://funy.ai/,Face Swap & Deepfake
AI Human Generator,"- Create fake persons online using AI, alter their appearance, and change their leveraging AI-driven features and seamless automation.",http://generated.photos/human-generator/,Face Swap & Deepfake
AI Face Swap By Vidqu,- A high-quality AI Face Swap generator capable of turning you into anyone. leveraging AI-driven features and seamless automation.,https://www.aixploria.com/out/AIFaceSwapByVidqu,Face Swap & Deepfake
SDXL Auto FaceSwap,- [Paused] A FaceSwap generator that lets you swap your face quickly and leveraging AI-driven features and seamless automation.,https://www.aixploria.com/out/SDXLAutoFaceSwap,Face Swap & Deepfake
DeepFake Detector AI,- Instantly detect if a video or voice has been tampered with a leveraging AI-driven features and seamless automation.,https://www.aixploria.com/out/DeepFakeDetectorAI,Face Swap & Deepfake
Fanfuel,"- An AI Assistant for YouTube video creators: help with content creation, thumbnail leveraging AI-driven features and seamless automation.",https://www.aixploria.com/out/Fanfuel,Face Swap & Deepfake
Roop AI,- DeepFake generation is easy to use and accessible to all. With just leveraging AI-driven features and seamless automation.,https://www.aixploria.com/out/RoopAI,Face Swap & Deepfake
Swapface,"- AI to make realistic face swaps in real time. Ideal for streaming, leveraging AI-driven features and seamless automation.",https://www.aixploria.com/out/Swapface,Face Swap & Deepfake
Deepfakes.lol,"- Create DeepFake videos with powerful, realistic lip-synching. Share and discuss your creations leveraging AI-driven features and seamless automation.",https://www.aixploria.com/out/Deepfakes.lol,Face Swap & Deepfake
Aifaceswap,- A free AI tool that swaps faces on your photos with a leveraging AI-driven features and seamless automation.,https://aifaceswap.io/,Face Swap & Deepfake
DeepSwap,"- AI-generated Face Swap from any of your photos, GIFs or videos. Replace leveraging AI-driven features and seamless automation.",https://www.aixploria.com/out/DeepSwap,Face Swap & Deepfake
AI Ease Face Swapper,- A free tool that swaps faces in your photos in seconds. Create leveraging AI-driven features and seamless automation.,https://www.aiease.ai/face-swap/,Face Swap & Deepfake
AI Face Swapper,"- A free, no-registration online tool for swapping faces on photos. Modify your leveraging AI-driven features and seamless automation.",https://aifaceswapper.io/?utm_source=bls-aixploria.com,Face Swap & Deepfake
Face Swap by Akool,- Swap your face like a pro with the help of a premium leveraging AI-driven features and seamless automation.,https://www.aixploria.com/out/FaceSwapbyAkool,Face Swap & Deepfake
Face Swapper,"- Quickly replace faces in your photos using advanced AI, preserving image quality leveraging AI-driven features and seamless automation.",https://icons8.com/swapper,Face Swap & Deepfake
Unboring AI,"- Edit, modify and animate your photos or videos with AI. Swap faces leveraging AI-driven features and seamless automation.",https://www.aixploria.com/out/UnboringAI,Face Swap & Deepfake
Artguru,"- A platform dedicated entirely to art, featuring multiple AI tools: image generator, leveraging AI-driven features and seamless automation.",https://www.aixploria.com/out/Artguru,Face Swap & Deepfake
BestFaceSwap AI,"- Swap faces in photos, GIFs and videos in just three clicks. Get leveraging AI-driven features and seamless automation.",https://www.bestfaceswap.net/?utm_source=aixp,Face Swap & Deepfake
DeepFake Detector,- Quickly determine if an image is real or if it has been leveraging AI-driven features and seamless automation.,https://www.aixploria.com/out/DeepFakeDetector,Face Swap & Deepfake
